{"text": " So if I send you a voice message, will you be able to listen to it and transcribe it and reply to me?", "segments": [{"id": 0, "seek": 0, "start": 0.0, "end": 7.0, "text": " So if I send you a voice message, will you be able to listen to it and transcribe it and reply to me?", "tokens": [50364, 407, 498, 286, 2845, 291, 257, 3177, 3636, 11, 486, 291, 312, 1075, 281, 2140, 281, 309, 293, 1145, 8056, 309, 293, 16972, 281, 385, 30, 50714], "temperature": 0.0, "avg_logprob": -0.21856982132484173, "compression_ratio": 1.1477272727272727, "no_speech_prob": 0.02876684069633484}], "language": "en"}